Director General of neatdah ,29/08/2022 15:47
FCT Minister ,29/08/2022 15:51
FCT Minister ,29/08/2022 15:57
Director General of neatdah ,31/08/2022 11:54
Director General of neatdah ,31/08/2022 12:08
Minister of Communications and digital economy ,31/08/2022 12:12
National Director of encar ,31/08/2022 12:14
Director General of neatdah ,31/08/2022 13:07
FCT Minister ,31/08/2022 13:08
FCT Minister ,31/08/2022 13:12
Director General of neatdah ,31/08/2022 13:52
Minister of Communications and digital economy ,2022-08-31 14:03:11.893094
National Director of encar ,2023-02-06 12:57:34.613754
National Director of encar ,2023-10-03 15:03:09.983088
National Director of encar ,2023-10-03 17:03:18.556461
Minister of Communications and digital economy ,2023-10-03 17:03:40.247313
Director General of neatdah ,2023-10-21 13:40:48.966889
Minister of Communications and digital economy ,2023-10-21 13:41:57.388713
